achievement_id,name,hidden,hint_speaker,hint,description
first_wage,第一份工钱,false,王师傅,先把一班踏踏实实做完。,完成任意一次正式职业工作。
first_serve,锅气初成,false,厨房师傅,菜单、托盘、出餐台连起来才算一单。,完成第一次多工序出餐。
first_catch,水面有动静,false,强叔,浮漂沉下去再收线。,完成第一次钓鱼。
first_travel,第一次出城,false,巴士售票员,城里之外也有生活。,第一次坐长途车旅行。
first_hire,有人搭手,false,劳务市场阿叔,店里有人和没人不一样。,第一次正式雇佣员工。
farm_harvest,收成到手,false,农场主,自己种出来的菜就是利润。,第一次收获农场作物。
pet_family,屋里多了脚步声,false,宠物店老板,收养后出租屋才会多一个照看入口。,第一次收养宠物。
own_business,自己的招牌,false,个体户老周,从一张桌子开始也算营生。,购买第一项创业生意。
moon_fish,月光鱼,true,强叔,月夜、清水、好鱼竿，缺一样都碰不到。,钓到传说级月光鱼。
six_lives,六条人生线,true,梅姨,人生不是一次只能走一条路。,六条职业路线都上过班或上过课。
postcard_master,远方来信,true,小雨,照片不是任务，看到喜欢的再拍。,收集全部旅行照片。
home_owner,把日子过稳,true,梅姨,住得稳，心才不慌。,把住房升级到河边公寓。
tycoon,小城老板,true,个体户老周,四门生意都握在手里时，你已经不是刚来的人了。,拥有全部四类创业生意。
photo_album,城市光影,true,小雨,照片不用凑数，但走过的地方值得留下。,拍下至少十张场景照片。
first_festival,节日里的人,false,阿榕,节日当天摆摊的人还在，去说句话。,领取第一份节日纪念品。
festival_year,一年四季,true,阿榕,春夏秋冬都过一遍，东西就齐了。,同一年领取全部节日纪念品。
first_npc_story,听了一段旧事,true,梅姨,有的人不是不爱说，只是在等一个愿意听的人。,完成第一段 NPC 个人支线。
npc_story_master,城里人的故事,true,陈伯,人在城里留下手艺，也留下没说完的话。,完成全部 NPC 个人支线。
collection_master,百件城中旧物,true,陈伯,全城的东西都有来路，等你慢慢摸清。,集齐全部城市收藏物。
referral_lead,有人牵线,false,介绍人,熟人随口提到的人，可能正好能搭把手。,通过日常对话获得第一条招工线索。
referral_trusted,人情招牌,true,老街坊,愿意替你介绍人的人，比招聘牌更难得。,从熟人推荐渠道招到一名员工。
three_marks,城里留下三笔,true,梅姨,日子不是一天长大的，三件小事也算走出了一条路。,累计留下三条见闻。
rush_shift,顶住高峰,false,黄姐,高峰期客人一下涌进来，手要快，心不能乱。,在客流高峰中完成一次营业。
combo_five,五连出餐,true,厨房师傅,一单接一单，别让节奏断。,一次营业中打出五次连续出餐。
birthday_friend,记得这一天,true,梅姨,生日不是大事，但有人记得就不一样。,在 NPC 生日当天送上祝福。
married_life,把日子接起来,false,梅姨,成家不是终点，是两个人一起安排以后。,与 NPC 正式成家。
new_chapter,重新开始,true,老街坊,有些关系走到这里就要停，日子还要继续。,经历一次离婚并重新安排生活。
festival_activity,节日里的人,false,阿榕,节日不只是买东西，也要和这座城一起热闹一下。,参加一次节日限定活动。
shared_evening,一起过日子,true,梅姨,成家以后，最值钱的是愿意坐下来把一天说完。,和伴侣度过一个真正的共同夜晚。
partner_date,一起走过一段路,true,小雨,两个人一起走的路，和一个人赶路不一样。,和伴侣进行一次约会。
shipping_sale,门口的小生意,true,陈伯,东西不一定马上卖，放到门口也有人替你结账。,通过收购箱完成第一次次日结算。
birthday_gift,生日礼物,true,小雨,礼物不在贵，记得这一天就很难得。,在 NPC 生日当天送出一件礼物。
photo_album,城市光影,true,小雨,照片不用凑数，但走过的地方值得留下。,拍下至少十张场景照片。
