career_id,line,rank,title,wage_multiplier,shifts_needed,hint,description,required_credential
restaurant_1,restaurant,1,备菜帮工,1.0,3,师傅会说你先把手脚练稳。,从洗切、备料和递托盘开始。,
restaurant_2,restaurant,2,炒锅帮工,1.25,5,师傅开始让你看火候。,站上灶台后，出品速度会决定别人怎么看你。,
restaurant_3,restaurant,3,主厨,1.6,7,客人会点名等你炒的菜。,你要安排整个厨房的节奏。,
restaurant_4,restaurant,4,店长,2.0,10,老板让你管菜单和人手。,再往上要面对的是整间店的生意。,
factory_1,factory,1,临时工,1.0,3,领班只说先别站错线。,没有资历，先从最普通的工位开始。,
factory_2,factory,2,流水线工,1.2,5,组长开始记住你的名字。,稳定出勤后有机会碰更关键的机器。,
factory_3,factory,3,组长,1.55,7,车间里的人会等你发话。,你要照看一段线的产量和新人。,
factory_4,factory,4,车间主管,1.9,10,厂里说下个月让你排班。,更高的位置不只是工资，也包括别人愿不愿意跟你做。,
office_1,office,1,写字楼文员,1.0,4,主管说先把表格和电话接稳。,办公室底层工作，节奏稳定但要面对琐碎事务。,
office_2,office,2,销售专员,1.35,6,经理开始让你跟客户谈单。,收入和业绩绑定，也更容易接触不同的人。,sales_cert
office_3,office,3,产品助理,1.7,8,同事开始等你整理需求。,离核心业务更近一步。,code_cert
office_4,office,4,部门主管,2.1,12,总监把一小队人交给你。,你要为项目和下属负责。,
study_1,study,1,夜校学员,0.0,3,老师说先把基础补回来。,学习不只是涨钱，也会改变后面的选择。,
study_2,study,2,考证班学员,0.0,5,班里开始有人找你组队。,证书会给工作路线带来新机会。,
study_3,study,3,本科在读,0.0,8,导师让你独立做课题。,学业会成为长线路线。,
study_4,study,4,研究生,0.0,12,研究项目开始有经费。,继续深造会解锁更高门槛路线。,
public_1,public,1,备考青年,0.0,4,家里人说稳定就好。,先备考，再等机会。,
public_2,public,2,社区辅警,0.95,6,队里开始让你独立巡街。,稳定但需要耐心。,public_cert
public_3,public,3,基层公务员,1.45,8,窗口群众开始记住你。,工作节奏固定，长期积累口碑。,
public_4,public,4,科室干部,1.9,12,领导把一摊事交给你。,责任更重，工作路线更稳定。,
freelance_1,freelance,1,约拍摄影师,0.9,4,第一单客户只要求照片干净。,收入起伏，但自由。,
freelance_2,freelance,2,短视频拍摄,1.3,6,开始有商家找你拍片。,靠作品和口碑接活。,photo_cert
freelance_3,freelance,3,独立设计师,1.7,8,客户开始接受你的方案。,自由职业的闭环逐渐稳定。,design_cert
freelance_4,freelance,4,工作室主理人,2.0,12,有人愿意长期跟你合作。,从接活走向自己的小团队。,
logistics_1,logistics,1,仓库分拣员,1.0,4,调度说先把每一件货看清。,从分拣、扫码和装车开始。,
logistics_2,logistics,2,快递配送员,1.28,6,站长开始把熟客片区交给你。,节奏更快，路线也更熟。,
logistics_3,logistics,3,线路调度,1.62,8,同事开始等你安排车次。,你要兼顾时效、天气和每个人的状态。,
logistics_4,logistics,4,仓配主管,1.95,12,经理把一整条仓配线交给你。,从跟车到管线路，责任越来越重。,
craft_1,craft,1,维修学徒,1.0,4,师傅让你先学会拧稳每一颗螺丝。,从家电维修和小修小补开始。,
craft_2,craft,2,家电维修师,1.3,6,街坊开始指名让你上门。,手艺开始变成口碑。,
craft_3,craft,3,装修工头,1.65,8,工地开始让你带几个人做事。,你要学会安排材料、进度和人。,
craft_4,craft,4,手艺工作室主理人,2.0,12,已经有年轻学徒来跟你学。,你开始经营自己的手艺招牌。,
