item_id,name,description,rarity,sell_price,energy,gift_npc,displayable,market_category,availability_day
old_bottle,旧汽水瓶,瓶身磨花了，还留着上世纪的绿色玻璃光。,common,2,0,,false,ceramic,
newspaper,旧报纸,日期已经看不清，夹着一段城中村旧闻。,common,3,0,,false,paper,
metal_part,五金小件,沉甸甸的小零件，修东西时或许派得上用场。,common,5,0,chen,false,metal,
paperback,旧口袋书,书页发黄，角落留着陌生人的铅笔字。,uncommon,12,0,mei,true,paper,
toy_car,铁皮小车,掉了一点漆，轮子居然还能转。,uncommon,15,0,lin,true,daily,
old_radio,旧收音机,拧动旋钮时会发出沙沙声。,uncommon,22,0,chen,true,metal,
film_camera,旧胶片相机,取景框里还能看见这座城市。,rare,65,0,lin,true,photo,
vinyl_record,绝版黑胶,封套边角压皱了，旋律仍然完整。,rare,78,0,mei,true,daily,
workshop_badge,老厂徽章,背面刻着一个已经停产的车间编号。,rare,88,0,wang,true,metal,
pocket_watch,老怀表,停走的指针停在某个平常的下午。,legendary,260,0,chen,true,metal,
sea_glass,深南蓝玻璃,雨后才会发亮的蓝色旧玻璃，像一小块海。,legendary,240,0,mei,true,ceramic,
first_ticket,第一张车票,来自许多人抵达这座城市的第一天。,legendary,300,0,lin,true,paper,
rust_gear,锈蚀齿轮,表面布满红锈，齿口仍然完整。,common,7,0,chen,false,metal,
porcelain_shard,青花瓷片,一小片旧瓷，边缘被时间磨得很圆。,common,9,0,mei,false,ceramic,
old_flashlight,旧手电,外壳旧了，换个电池也许还能亮。,uncommon,18,0,wang,false,metal,
cassette,粤语磁带,标签上的歌名已经模糊，磁带还能转。,uncommon,20,0,lin,true,paper,
brass_compass,黄铜罗盘,指针停住不动，却画着几个陌生方向。,rare,82,0,chen,true,metal,
sealed_letter,未寄出的信,信封没有邮票，封口完好得像昨天才写下。,rare,96,0,mei,true,paper,
miner_lamp,矿工灯,灯罩上刻着旧车间的编号，擦净后还能亮。,legendary,290,0,wang,true,metal,
harbor_token,老码头徽章,来自这座城市还靠渡轮运货的年代。,legendary,320,0,chen,true,metal,
jade_button,旧旗袍玉扣,温润的一小块玉，曾经缝在谁的衣襟上。,legendary,340,0,mei,true,ceramic,
old_star_map,手绘旧星图,画着一片看不见霓虹的夜空。,legendary,380,0,lin,true,paper,
golden_abacus,金算盘,旧生意人的金算盘，珠子拨动时还留着账本的气息。,legendary,450,0,chen,true,metal,
store_plaque,老店招牌,一块写着旧店名的木牌，边角被烟火熏得发亮。,legendary,520,0,mei,true,daily,
new_year_calendar,新年翻页日历,纸页上有去年最后一天被圈过的痕迹。,common,8,0,mei,true,paper,1
lantern_riddle_card,灯谜签,背面写着一个没有答案的灯谜，留给明年再猜。,common,10,0,lin,true,paper,15
qingming_umbrella_pin,清明雨伞徽章,小小的伞面上落着几笔雨线，像河边的清明。,uncommon,18,0,mei,true,metal,34
labor_day_gloves,劳动纪念手套,掌心磨得发亮，像替很多个忙碌的早晨挡过风。,uncommon,22,0,wang,true,daily,75
zongzi_leaf_bookmark,粽叶书签,染过艾草的颜色，翻开书时能闻到一点端午的风。,uncommon,24,0,mei,true,paper,95
childhood_pinwheel,童年纸风车,纸角有些卷了，吹口气还是会转。,common,12,0,xiaoyu,true,daily,150
summer_ice_ticket,夏至冰票,旧冰室的纸票，票面被最长的日光晒得发白。,rare,48,0,lin,true,paper,165
mooncake_mold,月饼模,木头里刻着团圆两个字，边角留着油润的光。,rare,88,0,chen,true,ceramic,225
holiday_train_ticket,长假旧车票,目的地一栏已经看不清，出发的念头却还在。,rare,96,0,lin,true,paper,240
chrysanthemum_badge,重阳菊章,金色花瓣做得很小，适合别在旧外套的衣襟上。,uncommon,32,0,mei,true,metal,270
double11_receipt,双十一旧票根,长到离谱的购物清单背面写着一行省钱提醒。,rare,58,0,lin,true,paper,300
winter_wooden_spoon,冬至木勺,勺柄被握得温润，适合盛一碗刚出锅的汤。,common,16,0,huang,true,daily,330
new_year_clock_hand,跨年钟表针,停在十一点五十九分，像把最后一分钟留给了你。,legendary,320,0,chen,true,metal,360
iron_pencil_case,铁皮铅笔盒,盒盖印着褪色的卡通人物。里面还留着一小截削短的铅笔。,common,8,0,lin,true,metal,
enamel_badge,搪瓷小徽章,边缘磕掉一点釉。背针弯了，摊主说从前别在工装领口上。,common,12,0,wang,true,metal,
copper_key,黄铜旧钥匙,钥匙牙口磨得发圆。不知道开哪扇门，却被人认真保管过。,common,10,0,chen,true,metal,
old_watch_chain,旧表链,链节很细，搭扣还能扣紧。金属上留着常年贴着皮肤的温润。,uncommon,22,0,mei,true,metal,
tin_toy_robot,铁皮小机器人,发条还能转两圈。走出的路线总是歪的，像刚学走路。,uncommon,28,0,xiaoyu,true,metal,
ship_bell,小铜船铃,摇起来声音很轻。陈伯说它可能陪过一船连夜靠岸的人。,rare,72,0,chen,true,metal,
typewriter_key,旧打字机字母键,键帽上字母已经看不清。按下去时还能感觉到一小段弹簧的倔强。,uncommon,26,0,lin,true,metal,
bicycle_bell,铜自行车铃,铃盖有细密划痕，声音却仍然清脆。像从旧巷里远远传来。,common,9,0,qiang,true,metal,
sewing_machine_shuttle,缝纫机梭芯,银亮的小梭芯滚在手心里，像一粒不会发芽的种子。,uncommon,20,0,azhen,true,metal,
compass_dial,旧罗盘表盘,指针和外壳都拆走了，只剩表盘上几个方向。,rare,68,0,qiang,true,metal,
stainless_lunchbox,不锈钢饭盒,盒盖内侧刻着一个很浅的名字。饭菜味道早就散了。,common,11,0,huang,true,metal,
bronze_weight,小铜秤砣,沉甸甸地压在掌心。摊主说以前一斤的信任就靠它。,rare,96,0,chen,true,metal,
blue_rim_bowl,蓝边瓷碗,碗沿有一道细裂纹，装水会慢慢渗出来。,common,7,0,mei,true,ceramic,
enamel_cup,搪瓷口杯,杯身印着劳动最光荣。杯口有一小块掉漆，像旧日子的疤。,common,10,0,wang,true,ceramic,
clay_teapot,小陶茶壶,壶盖和壶身合得很紧。空壶靠近鼻子还能闻到淡淡的茶香。,uncommon,30,0,chen,true,ceramic,
porcelain_spoon_rest,瓷勺托,做成一片叶子的形状，适合搁下一把刚喝完汤的勺子。,uncommon,18,0,huang,true,ceramic,
flower_tile,花砖碎片,蓝白花纹缺了一半，剩下的一角像被打断的春天。,common,6,0,mei,true,ceramic,
glass_marble,玻璃弹珠,里面裹着一道蓝色旋纹。滚动时那条线像在追自己。,common,5,0,xiaoyu,true,ceramic,
milk_bottle,旧牛奶瓶,瓶身有厚玻璃的绿色光。瓶盖早没了，瓶口却仍然圆润。,common,9,0,lin,true,ceramic,
ceramic_bird,瓷小鸟,小鸟少了一边翅膀，站在桌上还是一副不肯低头的姿势。,uncommon,24,0,mei,true,ceramic,
painted_sugar_jar,彩绘糖罐,罐子里的糖早没了，盖子内侧还粘着一点旧甜味。,uncommon,32,0,azhen,true,ceramic,
cracked_teacup,开片茶杯,细裂纹像一张小地图。用它喝茶时要慢一点。,common,8,0,chen,true,ceramic,
porcelain_button,瓷纽扣,小小一颗，白底上画着一朵蓝花。缝过谁的旧衣已经不知道。,rare,62,0,azhen,true,ceramic,
glass_float,旧玻璃浮球,本是渔网上的浮子。放在窗边会映出一小块摇晃的海。,rare,88,0,qiang,true,ceramic,
ticket_stub_1998,一九九八年票根,日期已经模糊，站名剩下最后一个字。纸角却保存得很平。,uncommon,20,0,chen,true,paper,
handwritten_recipe,手写菜谱,字迹被油星晕开。最后一行写着火候比调料重要。,uncommon,28,0,huang,true,paper,
old_map_fragment,旧地图碎片,只画着几条街和一条河。现在的城市早已改了名字。,rare,74,0,chen,true,paper,
cinema_ticket,老电影院票,座位号被指甲划出浅痕。看电影的人也许等了很久。,common,6,0,lin,true,paper,
school_songbook,旧校园歌本,页边写满跑调的注音。最后一页夹着一片干叶。,common,8,0,xiaoyu,true,paper,
rent_receipt,旧房租收据,金额不大，签名却反复描了两遍。像怕生活不认账。,common,10,0,mei,true,paper,
pen_pal_letter,旧笔友来信,信封上的邮票被剪走了。信里只说这边的芒果熟了。,rare,80,0,lin,true,paper,
old_postcard,褪色明信片,正面是海和钟楼。背面的字只剩一句：我到了。,uncommon,26,0,xiaoyu,true,paper,
calendar_page,旧日历页,某一天被红笔圈住，旁边写着别忘记。至于别忘记什么，没人知道。,common,7,0,mei,true,paper,
bus_route_book,旧公交线路册,线路号和票价还清楚。许多站名现在只在老人口中说起。,uncommon,22,0,qiang,true,paper,
factory_manual,工厂操作手册,封面有油印和铅笔批注。某页折角写着先停机再检查。,rare,70,0,wang,true,paper,
notebook_poem,练习本上的诗,写了一半就被撕下来。每一行都像想离开又舍不得。,uncommon,34,0,xiaoyu,true,paper,
black_white_negative,黑白底片,隔着光能看见一条老街。屋檐下站着两个看不清的人。,rare,92,0,lin,true,photo,
photo_booth_strip,四格证件照,四个表情几乎一样，只有最后一张偷偷笑了。,uncommon,25,0,xiaoyu,true,photo,
slide_frame,旧幻灯框,玻璃片里是一座还没有霓虹的桥。,rare,84,0,chen,true,photo,
old_camera_lens,旧相机镜片,镜片有一道细痕，对着光却还能把街道缩成一个小圆。,rare,110,0,lin,true,photo,
darkroom_timer,暗房计时器,指针停在三分钟。陈伯说那是照片从模糊变清楚的时刻。,uncommon,38,0,chen,true,photo,
wedding_photo_corner,婚礼照片角,只剩照片右下角，一双握紧的手没有拍到脸。,uncommon,36,0,mei,true,photo,
street_light_photo,路灯下的照片,拍的是夜里的小卖部。灯很亮，门口却一个人也没有。,common,12,0,lin,true,photo,
river_photo,河面反光照片,照片只有水纹和一小块天空。强叔说那天的风很好。,common,10,0,qiang,true,photo,
family_album_cover,旧相册封皮,封皮上的烫金字已经掉了一半。内页空了，却还保留着合页的声音。,uncommon,30,0,mei,true,photo,
rattan_fan,老蒲扇,扇面画着一只下山虎。边角磨开，风还是很大。,common,5,0,mei,true,daily,
wooden_ruler,木直尺,刻度从一到三十。最长的一道刻痕被反复摸得发亮。,common,6,0,wang,true,daily,
old_thermos,旧保温壶,外壳凹进去一块。倒水时木塞会发出很轻的吱呀声。,uncommon,18,0,huang,true,daily,
bicycle_license,自行车执照,小本子上的照片已经脱落。名字栏写着一位早已退休的人。,rare,58,0,qiang,true,daily,
plastic_abacus,塑料算盘,珠子颜色不一，拨起来噼啪响。摊主说它算清过很多小账。,common,8,0,chen,true,daily,
mahjong_tile,缺角麻将牌,牌面是一条青色的龙。桌边磨得圆润，像被许多人握过。,uncommon,24,0,huang,true,daily,
bamboo_basket,竹编小篮,篮底编得很密。提在手里有淡淡的竹香。,common,7,0,mei,true,daily,
sewing_kit,便携针线盒,里面有黑白两卷线和三根针。盖子上贴着一朵小花。,uncommon,20,0,azhen,true,daily,
red_thread_bracelet,红绳手链,绳子褪了色，结却打得很紧。像有人把一句祝愿系在了手腕上。,common,9,0,xiaoyu,true,daily,
lunch_token,老饭票,纸票上印着一两米饭。边角被汗手捏得发软。,common,6,0,wang,true,daily,
old_keychain,旧钥匙扣,扣环上挂着小塑料鱼。鱼眼已经磨白，尾巴还能摆动。,common,5,0,qiang,true,daily,
soap_box,铁皮肥皂盒,盒底有小孔。盖子上画着两朵红牡丹。,common,8,0,huang,true,daily,
radio_antenna,收音机天线,拉出来时会一节节响。最上面一节有点弯，却还能收音。,uncommon,24,0,chen,true,daily,
school_badge,旧校徽,校名已经看不清，背面刻着班级和学号。,uncommon,22,0,xiaoyu,true,daily,
football_ticket,足球赛票根,被雨淋过的纸面发皱。比分栏空了，欢呼声却像还在看台。,rare,60,0,lin,true,daily,
flower_seed_packet,旧花种纸袋,里面只剩几粒种子。纸袋上画着一朵没有名字的花。,common,10,0,mei,true,daily,
old_meal_card,旧餐卡,卡面褪成浅黄。余额栏写着几毛钱，像某种穷开心的证据。,common,8,0,huang,true,daily,
market_scale_ticket,市场过秤票,票面盖着旧市场的章。斤两栏的字迹工整得像一笔一画数的。,uncommon,26,0,chen,true,daily,
valentine_flower,情人节小花,花店当天剩下的一支小花，包着旧报纸。,uncommon,18,0,lan,true,daily,45
pink_valentine_ribbon,粉色情人节丝带,六月末的风把丝带吹得不停，颜色却很稳。,rare,32,0,lan,true,daily,177
qixi_thread,七夕红线,细细一段旧红线，挽着一个没有写出来的愿望。,uncommon,24,0,lan,true,daily,210
white_valentine_badge,白色情人节回信章,印着一封没有寄出的回信，边角已经磨圆。,rare,36,0,lan,true,daily,274
teacher_note,教师节手写卡片,陌生学生写给老师的几句话，字迹有点歪。,common,12,0,lan,true,daily,250
thanksgiving_leaf,感恩节落叶,被压平的梧桐叶，叶脉像一张帮忙记事的网。,common,15,0,lan,true,daily,326
christmas_bell,圣诞小铃铛,轻轻一碰就响，声音不大，却很像冬天。,rare,40,0,lan,true,daily,354
