calendar_day,event_id,scene_id,speaker,npc_id,title,line,reward_item_id,reward_money,reward_energy,decoration,activity_type,activity_title,activity_line,activity_reward_money,activity_reward_energy
1,new_year_tea,street,阿榕,lan,新年第一锅姜茶,新年的第一锅姜茶已经煮开。来，先领一张翻页日历，今年也把日子过稳。,new_year_calendar,0,0,fireworks,gathering,新岁茶会,你坐下来喝了一碗姜茶，听街坊说了会儿今年的打算。,0,8
15,lantern_riddle,market,阿榕,lan,灯下猜谜,灯谜挂满了旧货市场。猜不猜中都不要紧，先拿一张灯谜签留个念想。,lantern_riddle_card,0,0,lanterns,competition,灯谜小赛,你跟着大家猜了几轮灯谜，没拿到头名，但记住了几条老街的旧称。,35,-5
34,qingming_rain,riverside,阿榕,lan,河边的清明雨,雨把河边洗得很安静。撑一会儿伞，也给自己留一枚清明雨伞徽章。,qingming_umbrella_pin,0,0,rain_ribbons,gathering,清明散步,你沿着河边慢慢走了一段，雨声把心里的杂事压了下去。,0,5
45,valentine_flower,commercial_district,阿榕,lan,花摊前的情人节,花摊今天摆得很早。有人买花，有人只是站着看，阿榕说心意不用等到特别的日子。,valentine_flower,0,0,sun_coolers,gathering,情人节互赠,你帮摊主把花束递给几对客人，也给自己留了一朵小花。,18,4
75,labor_flags,industrial_district,阿榕,lan,工业区换新旗,工业区今天换了新旗子。忙归忙，这副劳动纪念手套也该有人收下。,labor_day_gloves,0,0,work_flags,competition,班组技能赛,你在班组技能赛里比了两轮，手没生，工钱也顺手多了一点。,45,-6
95,dragon_boat_wind,riverside,阿榕,lan,江边的艾草风,江边的艾草味很淡，粽子叶却还是新的。这个书签给你，别把节日都过成工作日。,zongzi_leaf_bookmark,0,0,zongzi_leaves,competition,龙舟鼓点赛,你跟着鼓点帮龙舟队喊了一阵，嗓子哑了，心里却很亮。,30,-6
150,children_pinwheel,park,阿榕,lan,公园里的纸风车,公园里纸风车转个不停。小孩子看的是热闹，大人也可以收一份童年。,childhood_pinwheel,0,0,pinwheels,gathering,童年游戏会,你和孩子们玩了几轮老游戏，记起了自己小时候的夏天。,0,7
165,longest_day,commercial_district,阿榕,lan,日头最长的一天,日头最长的这天，冰饮摊前排队。夏至的旧冰票，今年也只印这一批。,summer_ice_ticket,0,0,sun_coolers,gathering,夏至冰饮会,你在冰饮摊前坐了一会儿，暑气慢慢退下去。,0,8
177,pink_valentine,riverside,阿榕,lan,粉色情人节的默契赛,六月末的风吹起粉色丝带。阿榕说今天不比谁送得贵，只比谁真的记得对方的习惯。,pink_valentine_ribbon,0,0,pinwheels,competition,粉色默契赛,你和几对朋友参加了默契小赛，答错最多的一题被大家笑了很久。,40,-5
210,qixi_thread,park,阿榕,lan,七夕的线,七夕这天，旧街有人把红线缠在纸灯上。阿榕说愿望可以小一点，只要是自己真的想要。,qixi_thread,0,0,lanterns,gathering,七夕许愿会,你把一个小愿望系在灯下，没有说给谁听。,0,6
225,mooncake_mold,market,阿榕,lan,月亮升起之前,月亮还没升起来，旧货市场先摆出了月饼模。把这件收好，团圆前别空着手。,mooncake_mold,0,0,moon,gathering,中秋团圆会,你分到了一小块月饼，也听街坊讲起各自家里的团圆饭。,0,7
240,holiday_station,commercial_district,阿榕,lan,长假车站,长假刚开始，车站全是拖箱子的人。这张旧车票，算是给没来得及出发的人。,holiday_train_ticket,0,0,holiday_flags,gathering,长假送站,你帮几位旅客看了行李，车站广播里的下一班车终于不晚点了。,25,0
250,teacher_note,university,阿榕,lan,夜校门口的卡片,夜校门口贴满手写卡片。阿榕说老师收不收礼物不重要，学生记得那段被教会的时光才重要。,teacher_note,0,0,work_flags,competition,夜校知识小赛,你参加了夜校知识小赛，答对了几道生活题，也认识了一个新同学。,35,-4
270,double_ninth,park,阿榕,lan,重阳的风,重阳的风有些凉，公园里的菊花开得正稳。把菊章别上，也别忘了给家里打个电话。,chrysanthemum_badge,0,0,chrysanthemum,gathering,重阳登高会,你和几位老人一起走完了公园缓坡，听他们讲了年轻时的深圳。,0,6
274,white_valentine,commercial_district,阿榕,lan,白色情人节的回信,十月也有人补过白色情人节。花店把旧心意重新包好，糖水铺留了一张空桌。,white_valentine_badge,0,0,sun_coolers,gathering,白色回信会,你帮花店写了几张回信卡，自己的那张最后也投进了邮筒。,20,5
300,double_eleven,commercial_district,阿榕,lan,双十一的灯,双十一的霓虹把商业区照得很亮。买东西之前先留一张旧票根，提醒自己钱要花在日子里。,double11_receipt,0,0,shopping,competition,夜市抢单赛,你在夜市抢单赛里忙了一阵，赢了一点小钱，也看清了哪些东西真的需要。,50,-8
326,thanksgiving_leaf,park,阿榕,lan,感恩节的落叶,公园把这一年的落叶扫成几堆。阿榕说记得别人帮过什么，比记得自己吃过什么更重要。,thanksgiving_leaf,0,0,chrysanthemum,gathering,街坊感恩会,你听街坊轮流说起今年被谁帮过，也把一件小事认真记下了。,0,7
330,winter_soup,market,阿榕,lan,冬至那锅汤,冬至的汤在锅里翻着。木勺先给你，回头吃饺子时用得上。,winter_wooden_spoon,0,0,soup_steam,gathering,冬至包饺子,你跟着街坊包了一盘歪歪扭扭的饺子，出锅时还是抢得很快。,0,8
354,christmas_bell,commercial_district,阿榕,lan,圣诞铃铛,商业区挂起暖色小灯，咖啡店门口的铃铛一响，整条街都像慢了一拍。,christmas_bell,0,0,clock_fireworks,competition,平安夜合唱赛,你跟着人群唱完一首老歌，没进前三，但拿到了店家送的节日小礼。,32,-4
360,new_year_countdown,street,阿榕,lan,跨年的旧时针,跨年的灯会亮到很晚。旧钟表针今年只剩一支，拿走它的人要记得给明年上紧发条。,new_year_clock_hand,0,0,clock_fireworks,gathering,跨年倒计时,你和街坊一起等到零点，旧年的疲惫被钟声盖过去了。,0,9
