goods_id,name,base_cost,unit,category,description
rice,大米,2,份,主食,蒸饭和炒饭的基础。
egg,鸡蛋,1.5,个,生鲜,早餐和宵夜的万能食材。
greens,青菜,2,份,生鲜,清爽解腻，雨天价格容易涨。
noodles,面饼,2.2,份,主食,汤面和炒面都要用。
beef,牛肉,6,份,肉类,高价食材，适合做利润菜。
chicken,鸡腿肉,4.5,份,肉类,出餐稳定，熟客接受度高。
tea,茶底,1.2,份,饮品,奶茶和柠檬茶的底料。
lemon,柠檬,1.8,个,生鲜,天气热时最好卖。
ice,冰块,0.5,份,饮品,酷暑和夜宵销量高。
spice,香料,1,份,调料,烧烤和重口味菜需要。
flour,面粉,1.5,份,主食,包子与煎饼基础。
red_bean,红豆,2.5,份,甜点,甜品和节日限定。
tomato,番茄,2.6,份,生鲜,早餐三明治和汤面的好搭档。
corn,玉米,1.6,份,生鲜,煮着吃甜，磨成粉也香。
milk,牛奶,2.8,份,饮品,早餐热饮和甜点都要。
pork,猪肉,5.2,份,肉类,包子馅和家常菜的主力。
tilapia,罗非鱼,8,条,河鲜,河边常见鱼，适合清蒸和煮汤。
pomfret,鲳鱼,12,条,河鲜,肉质细嫩，餐馆晚市能卖出好价。
river_shrimp,河虾,10,份,河鲜,快炒和汤粉都合用。
mud_crab,大闸蟹,18,只,河鲜,季节性强，节日很受欢迎。
animal_feed,家畜饲料,1.2,份,养殖,鸡和牛每天都要吃。
