item_id,name,description,kind,price,usable,energy,use_hint
meal_rice,热乎叉烧饭,街口快餐店的味道，吃完踏实。,food,15,true,38,在背包里点一下就能吃掉。
water,矿泉水,普通但可靠，口渴时很需要。,drink,3,true,5,在背包里点一下就能喝。
coffee,冰美式,深圳打工人的临时清醒。,drink,12,true,16,上班或经营前点一下恢复体力。
bread,菠萝包,刚出炉，边走边吃正好。,food,6,true,18,在背包里点一下就能吃。
soymilk,热豆浆,早餐店门口的一大桶，甜甜的。,drink,4,true,8,在背包里点一下就能喝。
dumpling,鲜肉包,咬开有汤汁，配豆浆最合适。,food,7,true,22,在背包里点一下就能吃。
rice_noodle,汤河粉,清汤配青菜，早餐店的常客。,food,9,true,26,在背包里点一下就能吃。
sandwich,番茄蛋三明治,自己做的，料给得很足。,food,11,true,28,在背包里点一下就能吃。
milk_tea,珍珠奶茶,加了自家茶叶，甜度能调。,drink,14,true,14,在背包里点一下就能喝。
lemon_tea,手打柠檬茶,天气热的时候最解渴。,drink,13,true,12,在背包里点一下就能喝。
energy_bar,能量棒,压缩得很紧，赶工的时候顶一阵。,food,12,true,25,在背包里点一下立刻恢复体力。
herbal_tea,城中村凉茶,苦口但下火，街坊都说管用。,drink,10,true,15,在背包里点一下就能喝。
rice_box,家常饭盒,两荤一素，吃完能再忙半班。,food,16,true,40,在背包里点一下就能吃。
fruit_cup,切好的水果杯,路边摊刚切好，清爽解腻。,food,8,true,18,在背包里点一下就能吃。
pet_feed,宠物粮,一袋够小动物吃几天。,pet_supply,10,false,0,打开宠物界面喂食时消耗。
pet_toy,逗猫棒,陪宠物玩一会儿，感情更好。,pet_supply,18,false,0,宠物界面陪玩时优先消耗。
pet_medicine,宠物营养膏,宠物没精神时用得上。,pet_supply,26,false,0,宠物界面点“用药”时消耗。
seed_pack,种子包,里面装着适合当季的一小包种子。,seed,20,false,0,去农场种地时会自动消耗并免掉种子费。
photo_frame,旧相框,把喜欢的照片摆在桌上。,decor,35,true,0,在背包里使用，会永久增加学习和放松氛围。
warm_blanket,毛毯,夜里盖着睡得香。,decor,45,true,0,在背包里使用，会永久改善居家休息效果。
