ending_id,name,speaker,hint,description,condition_type,condition_value
stable_life,把日子过稳,梅姨,住得稳、家里有人等，就是很多人想要的答案。,拥有河边公寓并进入家庭阶段。
small_boss,小城老板,个体户老周,四门生意都跑起来，这条街就认得你了。,拥有全部四类创业生意。
millionaire,第一桶金,银行柜员,钱不是终点，但能让你有更多选择。,现金和存款合计达到十万元。
master_chef,厨房里的名气,厨房师傅,菜单和火候都听你的了。,餐饮职业晋升到店长。
factory_lead,车间主心骨,王师傅,大家开始等你安排一天的活。,工厂职业晋升到车间主管。
scholar,把书读进去,夜校老师,证书只是证明，习惯才是收获。,取得至少三张课程证书。
world_wanderer,到处走走,巴士售票员,照片收满以后，人会更知道家在哪里。,收集全部旅行照片。
collector,旧物有缘人,陈伯,不是所有值钱东西都写在价签上。,集齐全部旧物。
animal_family,人和小家伙,宠物店老板,屋里多一双爪子，日子也会变得具体。,收养宠物并进入家庭阶段。
coffee_shop_life,奶茶与早班,小林,稳定的小店日常，也是一种理想生活。,拥有小吃饮品店并晋升任意职业一次。
logistics_lead,线路掌舵人,调度,车次和时效都听你的了。,物流仓配晋升到仓配主管。,career_rank,logistics:4
craft_master,手艺有招牌,维修师傅,街坊开始把难题留给你。,手艺技工晋升到工作室主理人。,career_rank,craft:4
office_director,办公室的一盏灯,部门同事,你开始为项目和一群人的饭碗负责。,写字楼职场晋升到部门主管。,career_rank,office:4
public_steady,稳稳的岗,社区同事,事情多，位置稳，日子也稳。,体制路线晋升到科室干部。,career_rank,public:4
freelance_studio,自己的工作室,合作客户,不再只接活，开始有人长期跟着你做。,自由职业晋升到工作室主理人。,career_rank,freelance:4
scholar_graduate,把书读到更远,导师,课题和资料堆满桌子，路也宽了一些。,学业路线晋升到研究生。,career_rank,study:4
animal_rancher,圈舍里的早晨,农场主,鸡叫牛铃和饲料桶成了每天的背景音。,农场同时拥有鸡舍、奶牛棚和猪圈。,animal_count,3
green_thumb,土地不会白忙,农场主,自己种出来的菜终于堆满过许多次仓库。,累计收获农场作物三十次。,farm_harvest,30
city_angler,河边常客,强叔,你已经能靠水色和风判断今天有没有鱼。,累计钓到五十条鱼。,fish_catches,50
moon_fish_legend,月光鱼传说,强叔,夜里那点银光只肯给耐心的人看一次。,钓到月光鱼。,moon_fish,1
river_keeper,替河留影,强叔,河边不同天气都被你拍了下来。,拍摄五张河边照片。,riverside_photos,5
photo_journal,城市影像册,小雨,相册厚得翻起来有声音，城市也像跟着变厚了。,相册拍到八十张照片。,photos,80
river_home,把家安在河边,房产中介,窗外的水声成了每天回家的一部分。,住房升级到河边公寓。,housing_tier,3
steady_saver,手里有余粮,银行柜员,不靠一时暴富，靠每一天慢慢留下来。,存款达到十五万元。,savings,150000
full_staff,店里的人齐了,劳务市场阿叔,排班表不再只写一个人的名字。,同时拥有四名正式员工。,staff_count,4
business_scale,小店长了骨架,批发老板,进货、菜单、人手和口碑开始互相咬合。,店铺等级升到第五级。,business_level,5
market_master,旧货市场熟人,陈伯,摊主见你来，会先把新收的东西拿出来。,旧货累计卖出价值一百件以上。,market_sales,100
consignment_master,寄卖柜台常客,陈伯,你的东西在柜台上总能等到愿意带走它的人。,完成三十次寄卖。,consignments,30
fashion_icon,衣柜有自己的风格,阿珍,衣服不再只是遮风挡雨，也像你现在的样子。,拥有八件以上服装。,wardrobe,8
pet_star,小家伙会表演了,宠物店老板,它听见口令会先看你一眼，再认真做动作。,宠物训练达到高水平。,pet_training,80
healthy_life,身体撑得住日子,诊所护士,不是没累过，是知道什么时候该停下来。,健康和压力都保持在很好的状态。,health,95
calm_life,心里有一块安静地方,心理咨询师,城市还是很吵，但你已经知道怎么让自己慢下来。,长期压力保持低位。,stress_below,35
hobby_master,下班后的那件事,活动中心老师,兴趣不再是打发时间，而是另一条认真走的路。,任意兴趣练到高水平。,hobby_level,5
course_collector,证书夹满了,夜校老师,夜校的灯陪你走过不止一门课。,取得六张以上课程证书。,credentials,6
festival_year,一年四季都到场,阿榕,节日过去了，纪念品把四个季节留了下来。,同一年收集全部节日纪念品。,festival_year,1
npc_confidant,城里有人等你,梅姨,不是亲戚，也不是同事，却有人会记得你最近累不累。,和五位城中人成为熟人。,friends,5
tycoon_all,四条生意线,个体户老周,地摊、饮品、百货和加工厂都留下了你的印章。,拥有全部四类创业生意。,enterprise_count,4
veteran_worker,班表上的老人,车间领班,新来的人会先问你这道工序怎么做。,累计完成一百次工作班次。,career_shifts,100
city_walker,走过很多条街,巴士售票员,脚下的路线逐渐变成心里的地图。,拍下二十张城市照片。,photos,20
neighborhood_family,街坊成亲人,梅姨,没有血缘的人也开始记得你的习惯和口味。,和八位城中人成为熟人。,friends,8
first_shift,第一天上班,车间领班,你第一次靠自己把一整天熬了下来。,完成第一班正式工作。,career_shifts,1
ten_shifts,班表上的名字,同事,大家开始习惯在排班表里看到你。,累计完成十班工作。,career_shifts,10
steady_worker,稳定出勤,王师傅,能把普通日子重复做好，也是一种本事。,累计完成三十班工作。,career_shifts,30
old_hand,熟手,车间同事,新人遇到不懂的地方会先来问你。,累计完成五十班工作。,career_shifts,50
first_saving,第一笔存款,银行柜员,数字不大，但第一次不是等着发工资过活。,存款达到一千元。,savings,1000
five_thousand,手里有点底,银行柜员,遇上突发情况时，终于不必先去借钱。,存款达到五千元。,savings,5000
fifty_thousand,慢慢攒起来,银行柜员,不是暴富，是一件件小事攒出的安全感。,存款达到五万元。,savings,50000
first_photo,第一次按下快门,小雨,照片有点歪，但那一刻被你留了下来。,拍下第一张照片。,photos,1
photo_habit,随身带相机,小雨,你开始习惯在普通街角停下来。,拍下十张照片。,photos,10
first_catch,鱼竿弯了,强叔,浮漂沉下去的那一刻，你终于知道为什么要等。,钓到第一条鱼。,fish_catches,1
river_fisher,河边熟客,强叔,你开始认识水色和天气带来的差别。,累计钓到十条鱼。,fish_catches,10
master_angler,水边老手,强叔,鱼篓里的种类已经多到能讲出故事。,累计钓到一百条鱼。,fish_catches,100
first_animal,圈舍有了声音,农场主,清晨不再只有鸟叫，鸡和牛也加入了日常。,买下第一种家畜。,animal_count,1
first_staff,有人搭手,劳务市场阿叔,店里的活第一次不必全压在自己身上。,正式雇到第一名员工。,staff_count,1
small_team,小队伍,员工,排班表上开始出现彼此配合的名字。,同时拥有两名员工。,staff_count,2
first_business_level,铺子长大一点,个体户老周,菜单和空间都比刚开始时更像一门生意。,店铺等级升到第一级。,business_level,1
expanded_store,扩店,批发老板,进货量、客流和人手开始形成稳定节奏。,店铺等级升到第三级。,business_level,3
first_course,夜校的第一张证,夜校老师,你把下班后的时间换成了新的可能。,取得第一张课程证书。,credentials,1
hobby_start,下班后的新习惯,活动中心老师,你终于给自己留了一件不为赚钱的事。,任意兴趣练到第一级。,hobby_level,1
first_friend,城里有人认得你,梅姨,这座城市不再只有工作地址和出租屋。,和第一位城中人成为熟人。,friends,1
moved_out,搬出最初的小房间,梅姨,行李不多，但那一步走了很久。,搬进比城中村单间更好的住房。,housing_tier,1
own_room,有一个像样的房间,房产中介,门关上以后，空间终于属于自己。,住进独立小单间或更好的住房。,housing_tier,2
high_living,住到更高处,房产中介,窗外的城市开始有了另一种距离。,住进云城高层公寓或更好的住房。,housing_tier,4
small_reserve,小有积蓄,银行柜员,账户里的数字终于能挡住一次意外。,存款达到两千元。,savings,2000
ten_thousand_saved,攒出一点底气,银行柜员,钱不多，但你知道自己不是在原地打转了。,存款达到一万元。,savings,10000
thirty_thousand_saved,慢慢有余粮,银行柜员,每一笔都是普通日子省下来的。,存款达到三万元。,savings,30000
hundred_thousand_saved,第一个十万,银行柜员,十年前不敢想的事，变成账户里真实的一行。,存款达到十万元。,savings,100000
five_shifts,上了五次班,同事,你会开始记得哪条路早上最堵。,累计完成五班工作。,career_shifts,5
twenty_shifts,出勤记录,考勤员,打卡机已经认得你的节奏。,累计完成二十班工作。,career_shifts,20
seventy_shifts,班表老手,同事,新人会问你下周哪一天最忙。,累计完成七十班工作。,career_shifts,70
hundred_fifty_shifts,把事情做久了,王师傅,很多复杂的活，最后都落在日复一日里。,累计完成一百五十班工作。,career_shifts,150
restaurant_regular,后厨熟了,厨房师傅,你已经知道哪口锅最快，哪种单先做。,餐饮路线晋升到炒锅帮工。,career_rank,restaurant:2
factory_regular,工位熟了,王师傅,机器响起时，你不再需要别人提醒下一步。,工厂路线晋升到流水线工。,career_rank,factory:2
office_regular,工位上的秩序,主管,你开始知道哪些邮件要先回，哪些事要慢慢推。,写字楼路线晋升到销售专员。,career_rank,office:2
public_regular,值班的节奏,社区同事,一天里要做的事开始排得清楚。,体制路线晋升到社区辅警。,career_rank,public:2
study_regular,学习成了习惯,夜校老师,下班后不再只是刷手机，而是把一门课学下去。,学业路线晋升到考证班学员。,career_rank,study:2
freelance_regular,接单有了手感,合作客户,你知道什么活该接，什么活该放。,自由职业晋升到短视频拍摄。,career_rank,freelance:2
logistics_regular,跟车跟熟了,物流调度,路线、时间和签收开始在你脑子里连成一张表。,物流仓配晋升到快递配送员。,career_rank,logistics:2
craft_regular,手艺开窍了,维修师傅,你已经能听懂机器坏在了哪一节。,手艺技工晋升到家电维修师。,career_rank,craft:2
two_animals,圈舍不再空,农场主,鸡叫和牛铃先后响起来，早上有了新的顺序。,同时养两种家畜。,animal_count,2
five_harvests,土地给了回应,农场主,自己种出来的东西第一次堆满小推车。,累计收获五次作物。,farm_harvest,5
twenty_harvests,收成成了习惯,农场主,季节一换，你就知道该种什么。,累计收获二十次作物。,farm_harvest,20
twenty_fish,鱼篓有分量,强叔,从空手回家到每次都能带回两条。,累计钓到二十条鱼。,fish_catches,20
seventy_five_fish,水边老钓客,强叔,你已经能凭浮漂的小动静分辨是不是咬钩。,累计钓到七十五条鱼。,fish_catches,75
ten_river_photos,河边的十种天气,强叔,晴阴雨雾都被你留在了相册里。,拍下十张河边照片。,riverside_photos,10
thirty_photos,生活影像,小雨,相册里不再只有风景，也有三餐和工作。,拍下三十张照片。,photos,30
fifty_photos,城市切片,小雨,五十个普通瞬间拼出了你在这座城市的轨迹。,拍下五十张照片。,photos,50
market_ten,卖出十件旧物,陈伯,你开始知道什么该留，什么该让它去别人手里。,旧货累计卖出十件以上。,market_sales,10
market_fifty,旧物熟市,陈伯,摊主开始先问你要不要看新收的货。,旧货累计卖出五十件以上。,market_sales,50
consign_ten,寄卖有了熟客,陈伯,柜台后面开始有人专门等你的货。,完成十次寄卖。,consignments,10
consign_sixty,寄卖常客,陈伯,你和柜台之间已经形成一种默契。,完成六十次寄卖。,consignments,60
wardrobe_three,穿搭有变化,阿珍,衣服开始跟着季节和生活状态变化。,拥有三件以上服装。,wardrobe,3
wardrobe_five,衣柜成形,阿珍,你知道什么场合该穿什么，也知道什么最舒服。,拥有五件以上服装。,wardrobe,5
pet_fifty,小家伙懂事了,宠物店老板,它开始能听懂更多口令，也更黏你。,宠物训练达到中等水平。,pet_training,50
calm_twenty,把压力放低,心理咨询师,你不再等到撑不住才停下来。,长期压力保持在很低水平。,stress_below,20
hobby_two,兴趣练出一点样子,活动中心老师,作品不完美，但已经能看出是你在做。,任意兴趣练到第二级。,hobby_level,2
course_two,第二张证书,夜校老师,你证明上一张证书不是一时兴起。,取得两张以上课程证书。,credentials,2
enterprise_two,第二门生意,个体户老周,你开始同时兼顾两种不同的客流。,拥有两类创业生意。,enterprise_count,2
enterprise_three,多线经营,个体户老周,摊位、门店和工厂之间有了自己的节奏。,拥有三类创业生意。,enterprise_count,3
sky_home,住到城市高处,房产中介,你站在阳台上，终于看见自己走过的那些路。,住进云端花园住宅。,housing_tier,5
