npc_id,period,line,weather,career_line,min_affinity
mei,morning,早啊。今天看着要降温，出门添一件薄外套。,,,0
mei,morning,楼下今天蒸汽大，早点去买包子不用排太久。,,,0
mei,morning,雨天路滑，别赶那两分钟，慢慢走。,rain,,0
mei,noon,中午歇一会儿，人不是机器。,,,0
mei,noon,早市忙完就先坐坐，饭凉了再热一遍也行。,,,0
mei,noon,你最近气色比刚来时好多了。,,,4
mei,evening,回来啦，锅里还温着汤。,,,0
mei,evening,今天要是累了，就少安排一件明天的事。,,,4
mei,evening,家里有人等，走路都会快一点。,,,10
lin,morning,早，今天第一单给你留了点小优惠。,,,0
lin,morning,冰柜刚补满，柠檬茶今天会很顺。,,,0
lin,morning,雨天客人少一点，正好把柜台擦仔细。,rain,,0
lin,noon,午高峰过了，喝口水再忙别的。,,,0
lin,noon,你最近做事越来越稳，客人也看得出来。,,,4
lin,noon,店里新到一批货，晚点来看看。,,,10
lin,evening,晚上灯亮着，回来晚了也不会冷清。,,,0
lin,evening,下班后给自己留一点时间，别都用来算账。,,,4
lin,evening,有人惦记着回来，店里就还亮着。,,,10
wang,morning,手上的活别急，稳一点比快一点值钱。,,,0
wang,morning,工厂机器今天声音不对，经过时多留意。,,,0
wang,morning,早班刚开始，先把工具摆顺手。,,,0
wang,noon,中午这批料不错，别浪费。,,,0
wang,noon,你在工厂做熟了，领班开始把难活交给你。,,factory,2
wang,noon,吃完饭走两步，下午手才不僵。,,,0
wang,evening,收工了，明天还得早起。,,,0
wang,evening,别把一天的累都带回家，洗个热水澡再说。,,,4
wang,evening,真想做自己的生意，就得先学会看人和看账。,,,10
chen,morning,摊子刚摆开，你先随便看。,,,0
chen,morning,旧东西不怕慢看，怕的是看走眼。,,,0
chen,morning,今天天气潮，纸张和木器容易受味。,humid,,0
chen,noon,这些旧东西都有讲究，慢慢淘。,,,0
chen,noon,你摸过的东西多了，眼力自然会变。,,,4
chen,noon,集市上最值钱的，常常不是最亮的那个。,,,10
chen,evening,天黑了，好东西才刚冒头。,,,0
chen,evening,夜里看货要开灯，别只凭手摸。,,,0
chen,evening,有缘的东西会等你，不用急着出手。,,,4
huang,morning,早餐要快，蒸笼一慢客人就走。,,,0
huang,morning,今天湿度大，面发得快，得盯着点。,humid,,0
huang,morning,早高峰先做出餐，别让客人站着等。,,,0
huang,noon,早市过了就收，别把剩料留到午市。,,,0
huang,noon,会备料的人，忙起来才不慌。,,,4
huang,noon,午市菜单换得快，记得先看时段。,,,0
huang,evening,明天四点还得起来发面，早点睡。,,,0
huang,evening,高峰期手要快，心不能乱。,,,4
huang,evening,真要开店，厨房里的每一分钟都是钱。,,,10
azhen,morning,衣服不用贵，合身和干净最要紧。,,,0
azhen,morning,今天有点凉，披件外套会舒服。,,,0
azhen,morning,上班穿得利落，别人也更愿意把事情交给你。,,,4
azhen,noon,穿得舒服，做事也会顺一点。,,,0
azhen,noon,午间光线好，挑颜色不容易看错。,,,0
azhen,noon,工作服和日常衣服要分开想，场合不一样。,,,4
azhen,evening,晚点灯光打下来，颜色更好看。,,,0
azhen,evening,灯光下试衣服容易偏色，明天再来看看。,,,0
azhen,evening,人靠衣装，但最后还是得看做事。,,,4
qiang,morning,看水色就知道今天风往哪边吹。,,,0
qiang,morning,早上的鱼口轻，浮漂动一下别急着拉。,,,0
qiang,morning,雨天岸边滑，别站太靠水。,rain,,0
qiang,noon,河边没那么多事，坐着听一会儿。,,,0
qiang,noon,钓鱼不是熬时间，是看什么时候该收线。,,,4
qiang,noon,中午鱼躲深水，换个位置再试。,,,0
qiang,evening,夜里别走太深，灯照不到的地方留着明天看。,,,0
qiang,evening,月光鱼只认耐心，不认吵闹。,,,10
qiang,evening,回家路上把鱼篓盖好，别让猫惦记。,,,0
xiaoyu,morning,周末我来帮忙，也想拍拍老街。,,,0
xiaoyu,morning,早晨光软，拍店铺和人都好看。,,,0
xiaoyu,morning,今天雾大，照片会像旧电影。,fog,,0
xiaoyu,noon,照片不是任务，看到喜欢的再拍。,,,0
xiaoyu,noon,河边中午反光强，下午再拍会更柔和。,,,0
xiaoyu,noon,你走过的地方，都会留在相册里。,,,4
xiaoyu,evening,节日的灯最好看，过几天就没了。,,,0
xiaoyu,evening,夜市颜色多，拍一张就算来过。,,,4
xiaoyu,evening,以后翻相册，会记得今天不是普通的一天。,,,10
lan,morning,节日的摊子要早点摆，您先看，喜欢就带走。,,,0
lan,morning,今年的纪念品只做这一批，错过就要等明年。,,,0
lan,morning,雨天摊子会挪到屋檐下，别在空地上找。,rain,,0
lan,noon,中午人多，慢慢挑，东西都有来处。,,,0
lan,noon,节日不只要买东西，也要和这座城热闹一下。,,,0
lan,noon,同一年把纪念品收齐，阿榕会记得你。,,,4
lan,evening,灯快亮了，今天这份纪念品差不多该收摊了。,,,0
lan,evening,夜里风大，买完就早点回去。,,,0
lan,evening,有些东西只在今天出现，明年会是另一份。,,,0
xiaoman,morning,早八刚下课，我先来店里顶一会儿，脑子还热着。,,,0
xiaoman,noon,中午在学校和店里来回跑，时间表比菜单还满。,,,0
xiaoman,evening,晚上公园风大，刚好可以把一天的作业想明白。,,,0
asen,morning,夜班刚交接完，白天这条街反而安静。,,,0
asen,noon,午后卸货最晒，水要提前放在手边。,,,0
asen,evening,仓里再忙也得按顺序来，安全比速度重要。,,,0
zhoujie,morning,摊子摆得整齐，客人就愿意多走两步。,,,0
zhoujie,noon,午市价格容易乱，我会盯着收摊秤。,,,0
zhoujie,evening,收摊后这条街才算真正安静下来。,,,0
laoxu,morning,早班车下一趟三分钟，错过就等下一班。,,,0
laoxu,noon,中午主干道会堵，坐车别把时间算太紧。,,,0
laoxu,evening,末班车总会等人，但也不会一直等。,,,0
lin_doctor,morning,早上别空着肚子出门，低血糖比迟到更麻烦。,,,0
lin_doctor,noon,午休不是偷懒，是身体在提醒你停一下。,,,0
lin_doctor,evening,晚上少喝浓茶，明天还要过日子。,,,0
fangjie,morning,先别急着定，住得顺不顺要看采光、通勤和晚上安不安静。,,,0
fangjie,noon,中午看房最方便，户型里的毛病也藏不住。,,,0
fangjie,evening,搬家不是越贵越好，先想想每天回家的心情。,,,4
ake,morning,早上的件最多，我先把这条街跑完。,,,0
ake,noon,午休也有人收件，城里的时间就是这样挤出来的。,,,0
ake,evening,夜宵摊的件最香，可惜不能拆。,,,4
teacher_yu,morning,学东西不用一下记住，先弄明白它和日子有什么关系。,,,0
teacher_yu,noon,结业考核不是拦路，是让人知道该补哪一块。,,,0
teacher_yu,evening,夜里下课慢点走，今天的路也算今天的课。,,,4
