npc_id,area_id,start_hour,end_hour,pos_x,pos_y,activity,condition
mei,home,6,9,880,300,准备早饭,always
mei,market,9,13,360,300,看货,always
mei,home,13,22,900,520,做晚饭,always
lin,store,8,13,880,330,看店,always
lin,park,13,16,720,470,午休散步,always
lin,store,16,22,880,330,看店,always
wang,factory,7,12,340,370,带班,always
wang,market,12,15,420,300,淘旧货,always
wang,restaurant,15,22,560,300,掌勺,always
chen,market,7,20,360,300,守摊,always
chen,home,20,23,900,520,收摊回家,always
huang,breakfast_shop,5,11,420,300,招呼早市,always
huang,market,11,14,520,300,补干货,always
huang,home,18,22,760,520,收工,always
azhen,clothing_store,10,20,700,300,看店,always
azhen,commercial_district,20,22,460,430,关店散步,always
qiang,riverside,16,23,930,360,看夜色,always
qiang,riverside,8,12,620,420,讲潮汐,weekend
xiaoyu,store,10,16,820,430,周末帮工,weekend
xiaoyu,riverside,16,19,720,330,拍照,weekend
xiaoyu,market,9,15,650,310,节日摆摊,festival
lan,street,9,18,520,300,新岁茶摊,festival:1
lan,market,9,19,520,300,灯谜摊,festival:15
lan,riverside,8,17,360,300,雨中守摊,festival:34
lan,industrial_district,8,19,640,330,节日补给,festival:75
lan,riverside,8,18,360,300,艾草摊,festival:95
lan,park,9,18,520,300,纸风车摊,festival:150
lan,commercial_district,10,20,180,400,冰饮票摊,festival:165
lan,market,9,20,640,430,月饼模摊,festival:225
lan,commercial_district,7,20,180,400,车票代收,festival:240
lan,park,8,18,520,300,菊章摊,festival:270
lan,commercial_district,10,22,180,400,旧票根摊,festival:300
lan,market,8,19,520,300,冬至木勺摊,festival:330
lan,street,18,23,640,420,跨年钟摊,festival:360
xiaoyu,night_market,18,22,760,430,拍夜市灯光,always
lin,night_market,19,23,520,430,逛夜宵摊,always
azhen,night_market,18,22,980,430,挑夜市小物,always
chen,night_market,17,23,300,430,看夜市旧货,always
xiaoman,store,12,18,720,430,做兼职,always
xiaoman,park,18,21,820,470,看书吹风,always
xiaoman,university,10,14,640,360,旁听课程,weekend
asen,logistics_port,7,16,780,340,看夜班排班,always
asen,industrial_district,16,18,500,430,换班通勤,always
asen,night_market,18,23,860,430,吃夜宵,always
zhoujie,market,7,19,960,520,维持摊位秩序,always
zhoujie,street,19,21,720,430,下班散步,always
laoxu,bus_station,6,18,640,360,跑长途线路,always
laoxu,street,18,21,640,430,收班回家,always
lin_doctor,clinic,8,18,720,360,坐诊,always
lin_doctor,riverside,18,20,820,420,沿河慢走,weekend
fangjie,commercial_district,9,19,300,430,带人看房,always
fangjie,night_market,19,22,760,430,下班逛街,always
ake,street,7,20,1450,1180,送快递,always
ake,night_market,18,22,600,430,送夜宵,always
teacher_yu,university,8,20,760,360,上课,always
teacher_yu,commercial_district,20,22,720,430,下班,always
fangjie,street,9,19,2050,1150,带人看房,always
