story_id,npc_id,stage,required_affinity,required_flag,title,line,reward_type,reward_value,reward_item
mei_1,mei,1,2,employed,门口的钥匙,梅姨把一把备用钥匙放在窗台边。她说有了正经工作以后，也别总把委屈憋在楼道里。,item,1,bread
mei_2,mei,2,8,housing_upgraded,出租屋的灯,梅姨看着你收拾过的屋子，说住得稳一点，人就不容易被风吹散。今晚她把楼道的灯多留了一会儿。,money,60,
mei_3,mei,3,16,family,多添一双筷子,梅姨没问你准备什么时候成家。她只是在门口多放了一双筷子，说以后带人回来吃饭也不用提前打招呼。,energy,25,
wang_1,wang,1,2,employed,工牌后面,王师傅把你第一次领的工牌翻到背面，那里贴着旧车间的安全守则。他说先学会停手，再学会赶工。,item,1,coffee
wang_2,wang,2,8,factory,老车间的规矩,王师傅带你绕过一排停产的机器。他说这里以前有更多人，规矩是替人挡住危险，不是替人挡工钱。,energy,18,
wang_3,wang,3,16,promoted,带班那天的雨,王师傅把班表往你手里一推，说今天你来分活。他还是站在不远处，像个不肯退休的影子。,affinity,3,
lin_1,lin,1,2,collection_10,便利店的夜班歌,小林把旧收音机放在柜台后面，夜班没客人时就放一小段。她说旧东西不是没用，是会替人记住时间。,item,1,milk_tea
lin_2,lin,2,8,travel,带走一张明信片,小林听说你出过城，缠着要看照片。她说自己看店太久，只能靠别人带回来的风认路。,money,45,
lin_3,lin,3,16,hobby,下班后的新兴趣,小林把一张课程表塞给你，笑嘻嘻地说人不能只会排班。她最近学拍照，拍得最多的还是店门口那盏灯。,item,1,photo_frame
chen_1,chen,1,2,collection_10,旧物不说谎,陈伯把一件旧物翻过来给你看，底下的划痕比标签更诚实。他说淘货先看人留下的手劲，再看价钱。,money,80,
chen_2,chen,2,8,photo_taken,照片里的旧街,陈伯看着你拍的照片，指出一扇已经不在了的门。他说照片比记忆可靠，但也要有人愿意按下快门。,item,1,herbal_tea
chen_3,chen,3,16,business_owned,一桩生意的来路,陈伯把算盘推到你面前，却说别只盯珠子。做生意先弄清一件东西从哪来，再想它能到哪去。,affinity,4,
huang_1,huang,1,2,breakfast_shift,四点半天没亮,黄姐把第一笼包子递给你，说早餐店赚的是别人还没醒的时间。能起得来，才有资格谈火候。,item,1,dumpling
huang_2,huang,2,8,staff_hired,多一个人手,黄姐看着店里新来的帮手，嘴上说还得再教，转身却多蒸了一笼。她说有人搭手，生意才算真的往前走了半步。,money,100,
huang_3,huang,3,16,business_owned,自己的招牌菜,黄姐把一张旧菜单压在玻璃下，说招牌不是写上去的，是忙到最乱的时候客人还愿意点的那一道。,affinity,4,
azhen_1,azhen,1,2,wardrobe_owned,衣服先合身,阿珍把你新买的衣服整理好，说衣服先要合身，日子也一样。别人怎么看是后面的事。,item,1,milk_tea
azhen_2,azhen,2,8,travel,带一件轻的出门,阿珍听说你要出门，只让你带一件轻的。她说旅行不是搬家，路上舒服比照片好看重要。,energy,20,
azhen_3,azhen,3,16,family,给家里人挑件衣服,阿珍没问家里的事，只留下一件适合长辈的外套。她说有些心意不用挂在嘴上，穿在身上就知道。,money,120,
qiang_1,qiang,1,2,fish_caught,浮漂下面,强叔看了一眼你的鱼篓，说鱼不是钓上来的，是水愿意让你带走的。下次来记得看风，不要只看浮漂。,item,1,energy_bar
qiang_2,qiang,2,8,riverside_visited,夜里看水,强叔把手电关了一会儿。黑暗里水面还在动，他说有些路不用照得太亮，先听清楚再走。,item,1,herbal_tea
qiang_3,qiang,3,16,photo_taken,给河留一张照片,强叔没有入镜，只让你把河边那棵树拍下来。他说人总会走，树和河得有人替它们记住。,affinity,4,
xiaoyu_1,xiaoyu,1,2,photo_taken,周末的第一张照片,小雨翻着你的相册，认真挑出一张最普通的街景。她说不是只有远方才值得拍，今天也是以后才有的东西。,item,1,fruit_cup
xiaoyu_2,xiaoyu,2,6,pet_adopted,巷子里的小脚印,小雨听你说家里多了个小家伙，立刻问它会不会踩乱地板。她笑着说生活有点脚印，才不像样板间。,item,1,pet_toy
xiaoyu_3,xiaoyu,3,12,travel,远方寄来的颜色,小雨把一张海边照片寄给你，背面写着今天风很大。她说下一张照片不替你拍，等你亲自去。,money,75,
lan_1,lan,1,2,collection_10,不卖同一种春天,阿榕从摊布下面翻出一件旧物，说节日的热闹会散，东西留下的手劲不会。她让你挑一件带回去，别急着问值不值。,item,1,fruit_cup
lan_2,lan,2,8,photo_taken,把节日留在手里,阿榕看了你拍的节日照片，说摊子明天就收，照片却能替这条街再看一次灯。她把多出来的一杯凉茶塞给你。,money,70,
lan_3,lan,3,16,travel,明年换个地方见,阿榕把一张写满摊位地点的旧纸折起来，说人要是走得远，节日就不会只有一条街。下一次见面，也许在别处。,affinity,4,
