npc_id,name,role,home_area,preferred_item,color,personality,purpose,birthday_day
mei,梅姨,房东和邻里,home,sea_glass,#d98a83,嘴硬心软，爱管闲事也真会帮人,照看出租屋生活与城中村日常提示。,40
wang,王师傅,工厂组长,factory,workshop_badge,#83b9b2,嘴上严厉，心里护着肯干活的人,工厂职业线与晋升暗示。,130
lin,小林,便利店店员,store,film_camera,#e8bd66,开朗嘴快，喜欢新潮东西,商店信息、午休偶遇和熟人推荐。,160
chen,陈伯,旧货行老板,market,pocket_watch,#9da6c4,慢条斯理，记得每条老街的故事,旧货行情、旧址和节日藏品线索。,190
huang,黄姐,早餐店老板,home,dumpling,#e5b86a,天没亮就开火，最讨厌拖泥带水,早餐时段、菜单与早市经营提示。,85
azhen,阿珍,服装店老板,store,milk_tea,#d68d90,嘴甜眼尖，会记住每个客人的穿搭,服装购买、外观和社交手感提示。,210
qiang,强叔,河边守夜人,riverside,old_flashlight,#778f8b,话少但会看天气和水色,自然景观、夜间事件与偶发收获。,250
xiaoyu,小雨,周末帮工,store,photo_frame,#b79bcf,好奇爱拍照，周末才来老街打工,限时出现，提供宠物、照片和节日彩蛋。,300
lan,阿榕,节日摊主,street,winter_wooden_spoon,#8fbf8f,热心又念旧，每年节日都换地方摆摊,节日限定收集、城市记忆和限时纪念品提示。,359
xiaoman,小满,大学兼职,store,fruit_cup,#d7a4c8,好奇心重，喜欢把课堂里的问题带到街上,校园、兼职和年轻人生活提示。,120
asen,阿森,夜班仓管,logistics_port,old_flashlight,#6f8fa9,不爱说话，夜班久了看什么都先看安全,物流港仓、夜班和通勤提示。,12
zhoujie,周姐,市场管理员,market,brass_compass,#d49a63,嗓门大但做事公道，最清楚摊主的难处,旧货市场摊租、行情和街坊纠纷提示。,60
laoxu,老许,公交司机,bus_station,first_ticket,#8ba7a5,开了半辈子车，知道每条线路什么时候最堵,公交通勤、旅行和城市变化提示。,215
lin_doctor,林医生,社区医生,clinic,herbal_tea,#79b7ad,说话轻但判断稳，不喜欢病人硬撑,健康、压力和作息提示。,285
fangjie,方姐,房产顾问,commercial_district,coffee,#c89b6b,热心但不催单，喜欢带人先看采光和通勤,商业区住房买卖与搬家建议。,230
ake,阿珂,快递员,street,energy_bar,#7eb08a,跑得快，嘴上抱怨但从不耽误件,城中村快递、临时跑腿和节日包裹提示。,45
teacher_yu,余老师,夜校老师,university,old_radio,#9f8fcc,说话慢，喜欢用生活里的例子讲知识,夜校课程、结业考核和证书提示。,275
