event_id,name,speaker,text,weight,effect_type,effect_value,effect_data
neighbor_soup,邻里的汤,梅姨,隔壁多煮了一锅汤，分你一份。今天精神好一点。,18,energy,18,
rainy_market,雨天行情,陈伯,这两天雨多，叶菜和茶叶收购价会好。仓库里有货就别急着便宜卖。,14,market_hint,0,rain
factory_overtime,临时加班,车间领班,今天少一个人，你顶半个班，工钱现结。,12,money,80,
landlord_repair,房东修灯,房东,走廊换了盏亮灯，回家时没那么压抑。,10,energy,10,
lost_pet,走丢的小狗,宠物店老板,有人捡到一只走丢的小狗，街坊凑钱送回主人。口碑好了一点。,9,reputation,1,
night_market_rush,夜市临时旺,厨房师傅,今晚附近有活动，前两单客人会更多也更急。,8,labor,2,
sick_neighbor,替邻居买药,梅姨,你帮楼上老人跑了一趟药店，关系近了一点。,7,relationship,3,mei
tourist_group,旅行团路过,银行柜员,一群游客进商业区换零钱，店里也跟着热闹。,6,money,45,
bad_weather,天气压货,批发老板,暴雨让一批菜压在仓库里，今天进货略便宜，但坏货风险也高。,4,business_risk,1,
rain_tarp,雨后的菜地,农场主,雨停得及时，地里松了不少。今天作物的生长往前赶了一小步。,10,farm_growth,1,
landlord_water,楼下水管修好,房东,今天终于把楼下漏水修了。回家时心口没那么闷。,9,stress,-6,
factory_drill,安全演练,王师傅,车间做了一次安全演练。站了一上午，腿有点酸。,9,energy,-5,
market_tip,摊主的耳语,陈伯,陈伯说最近有人专收带旧标记的小东西，旧货更容易撞见。,8,collection_luck,4,
kid_homework,孩子的小奖状,梅姨,孩子把一张奖状塞进你手里，家里高兴了一整晚。,8,child_mood,8,
pet_rain_day,雨天的小家伙,宠物店老板,下雨天小家伙一直趴在窗边。你陪它坐了一会儿。,8,pet_mood,6,
bus_sunset,公交上的晚霞,巴士售票员,末班车穿过高架时，天边刚好烧成橘色。人一下没那么累。,9,energy,5,
night_river,夜里的水声,强叔,强叔让你在河边安静坐了一会儿。回去时心里松了很多。,9,stress,-8,
clinic_followup,诊所回访,诊所护士,护士提醒你按时吃饭喝水，下午的状态好了一点。,8,health,3,
course_open,夜校开放日,夜校老师,夜校开放日请你旁听了一节课，认识了一个新同学。,7,relationship,2,xiaoyu,
lin_snack,临期小零食,小林,小林把一袋快过期的零食塞给你，收了你一点零钱。,7,money,-12,
azhen_fabric,边角布料,阿珍,阿珍留了一块合适的边角布料给你，说改衣服正合适。,7,relationship,2,azhen,
repair_order,临时维修单,维修师傅,工坊临时多了一单小维修，师傅让你搭了把手。,8,money,36,
port_wind,港仓的风,仓库调度,货运区今天风很大，搬了一趟货，浑身都酸。,7,energy,-6,
photo_hint,镜头里的旧街,小雨,小雨说那条街的光很快会变，现在不拍就晚了。,7,collection_luck,5,
canteen_rush,食堂加餐,厨房师傅,食堂临时加了一锅菜，店里多出一点劳力。,8,labor,2,
storm_power,暴雨停电,房东,暴雨压得整栋楼跳了闸。摸黑上下楼，累得不轻。,6,energy,-8,
old_photo_found,相册里的旧票,陈伯,陈伯翻出一张旧照片，背后写着一条已经拆掉的街。,7,collection_luck,4,
hometown_call,老家来电,梅姨,老家打来电话，说了些家常。你没多说什么，但心里踏实了点。,8,stress,-5,
factory_bonus,班组奖励,车间领班,这批活赶得及时，班组多分了一点奖金。,8,money,60,
library_quiet,图书馆的安静,夜校老师,你在夜校自习室待了一会儿，城市声音被隔在门外。,7,stress,-4,
park_friend,公园里的熟人,社区老师,公园里遇到熟人，聊了几句家常，关系近了一点。,7,relationship,2,lin,
pet_festival,宠物小比赛,宠物店老板,宠物店办了小比赛，小家伙被夸了好几次。,6,pet_mood,8,
child_picnic,临时小野餐,梅姨,天气正好，你和孩子在家门口铺了块布，吃了一顿小野餐。,6,child_mood,10,
street_music,街头歌声,街坊,路口有人弹吉他，围着的人不多，但唱得很认真。,7,energy,6,
morning_bus,早班车,巴士司机,早班车空出个座位，你坐下来缓了一口气。,7,energy,4,
market_box,摊主留货,陈伯,陈伯把压箱底的小盒子留给你，说里面可能有旧街的痕迹。,7,collection_luck,3,
kitchen_special,后厨试菜,厨房师傅,后厨试了一道新菜，剩下的劳力还能顶一阵。,7,labor,2,
rain_umbrella,雨天的伞,老街坊,你在雨里替梅姨收了晾在外面的衣服，她记了很久。,6,relationship,2,mei
heat_ice,冰块涨价,批发老板,酷暑让冰块和柠檬突然抢手，今天的行情有点紧。,6,market_hint,0,heat
repair_tool,旧工具翻新,维修师傅,维修师傅把一件旧工具修好转卖，分了你一点工钱。,7,money,45,
kids_snack,孩子的点心,黄姐,黄姐多蒸了几个小点心，让你带回去给孩子尝尝。,6,child_mood,6,
pet_walk,遛宠,小雨,小雨帮你牵着小家伙在巷子里转了一圈，它回来很高兴。,6,pet_mood,5,
night_soup,夜里的汤,梅姨,夜里回家，桌上还温着一碗汤。心里那点紧绷松了些。,7,stress,-5,
clinic_rest,诊所午休,诊所护士,护士让你在安静的地方坐了半小时，下午缓过来不少。,6,health,3,
library_seat,自习室空位,夜校老师,夜校自习室刚好空出一个位置，你安静地看了一会儿书。,7,energy,4,
bus_delay,公交晚点,巴士司机,早高峰堵在高架上，车里的广播重复了好几遍。,6,stress,4,
workshop_order,工坊小单,维修师傅,工坊接到一单小维修，你顺手搭了把手。,7,money,38,
farm_seed,种子分享,农场主,农场主分了你一把当季种子，地里又能多试一块。,6,farm_growth,1,
night_market_noodles,夜市加餐,夜市摊主,夜市收摊前剩下一碗粉，摊主让你趁热吃了。,7,energy,6,
old_radio,旧收音机,小林,小林把旧收音机调到很小的声音，店里一下像回到了从前。,7,stress,-4,
