recipe_id,name,goods_recipe,labor_cost,brain_cost,prep_seconds,sale_price,category,phases,pipeline
egg_rice,蛋炒饭,rice:1|egg:2,1,1,3.2,18,主食,lunch|dinner,prep:2.4|fry:3.2|serve:0.8
beef_noodles,牛肉面,noodles:1|beef:2|greens:1,2,1,4.5,36,主食,lunch|dinner,soup:1.8|boil:3.2|prep:0.8|serve:0.6
lemon_tea,手打柠檬茶,tea:1|lemon:2|ice:1,1,1,2.8,20,饮品,lunch|dinner,prep:1.0|drink:1.8|serve:0.5
roast_skewer,夜市烤肉,chicken:2|spice:1,2,1,4.0,32,小吃,dinner,prep:1.6|fry:3.4|serve:0.6
red_bean_bun,红豆包,flour:2|red_bean:2,1,1,3.5,26,甜点,morning|lunch,prep:2.0|steam:3.0|serve:0.5
chicken_rice,鸡腿饭,rice:1|chicken:2|greens:1,2,2,5.0,42,套餐,lunch,prep:2.0|fry:2.4|serve:0.7
soy_milk,现磨豆浆,milk:2,1,1,2.0,8,早餐,morning,prep:1.0|drink:1.8|serve:0.4
pork_bun,鲜肉包,flour:2|pork:2,1,1,2.6,12,早餐,morning,prep:1.8|steam:3.0|serve:0.4
rice_noodle_soup,汤河粉,noodles:1|greens:1|egg:1,1,1,3.0,15,早餐,morning|lunch|dinner,prep:1.0|soup:2.6|serve:0.5
youtiao,现炸油条,flour:2|egg:1,1,1,2.2,9,早餐,morning,prep:1.2|fry:2.8|serve:0.4
porridge,皮蛋瘦肉粥,rice:1|egg:1|pork:1,1,1,3.4,14,早餐,morning,prep:1.4|boil:4.0|serve:0.5
tea_egg,茶叶蛋,egg:2|tea:1,1,0,1.6,5,早餐,morning,prep:0.8|boil:2.0|serve:0.3
canteen_combo,快餐套餐,rice:1|chicken:1|greens:1,1,1,3.0,28,套餐,lunch,prep:1.2|fry:2.0|serve:0.5
fried_noodles,干炒牛河,noodles:1|beef:1|greens:1,2,1,4.0,34,主食,dinner,prep:1.2|fry:3.0|serve:0.6
sweet_soup,广式糖水,red_bean:2|milk:1,1,1,2.4,16,甜点,dinner,prep:1.0|boil:3.0|serve:0.5
tangyuan,元宵汤圆,red_bean:1|flour:1,1,1,2.4,22,节日,morning|lunch|dinner,prep:1.2|boil:2.6|serve:0.5
zongzi,端午粽子,rice:1|pork:1,1,1,3.0,24,节日,lunch|dinner,prep:1.6|steam:3.2|serve:0.5
mooncake,中秋月饼,flour:1|red_bean:2,1,1,2.8,26,节日,lunch|dinner,prep:1.8|steam:2.4|serve:0.6
dumpling,冬至饺子,flour:1|pork:1|greens:1,1,1,2.8,20,节日,dinner,prep:1.5|boil:2.8|serve:0.5
steamed_tilapia,清蒸罗非鱼,tilapia:1|greens:1|spice:1,1,1,3.0,34,主食,lunch|dinner,prep:1.4|steam:3.4|serve:0.6
shrimp_noodles,河虾汤粉,river_shrimp:1|noodles:1|greens:1,1,1,3.2,32,主食,lunch|dinner,prep:1.2|fry:2.6|serve:0.5
