area_id,zone_id,name,rect_x,rect_y,rect_w,rect_h,kind,order,max_entrances
street,market,旧货与市场区,375,450,750,480,market,1,2
street,village,城中村生活区,90,1320,930,780,residential,2,3
street,nature,公园与自然区,1275,1350,645,750,nature,3,3
street,nature_east,公园与自然区东段,1920,1350,330,570,nature,4,0
street,commercial_shops,商业区商铺街,2250,1350,930,315,commercial,4,5
street,commercial_services,商业区生活服务,2250,1680,930,300,services,5,4
street,industrial_west,西侧工厂与物流段,2175,90,435,630,industrial,6,2
street,industrial_center,中部招工与批发段,2610,90,315,630,labor,7,2
street,industrial_east,东侧手艺工坊段,2925,90,390,630,craft,8,2
street,suburb,城郊生活区,3000,1350,750,660,suburb,9,3
street,center,中央交通轴,1350,900,870,390,transit,10,2
street,activity,节庆活动区,750,180,900,270,event,11,4
street,night_market,城中村夜市入口,1920,1920,330,240,market,12,2
commercial_district,north_shops,北侧商铺街,60,170,1160,180,shops,1,5
commercial_district,west_housing,西侧置业与社区服务,60,320,260,330,housing,2,2
commercial_district,center_public,中央公共服务区,440,390,400,300,public,3,3
commercial_district,east_living,东侧生活服务区,820,320,400,340,services,4,4
commercial_district,south_transit,南侧出口与交通区,600,590,520,100,transit,5,2
industrial_district,west_labor,西侧招工区,60,230,360,360,labor,1,2
industrial_district,north_logistics,北侧仓配区,500,210,360,220,logistics,2,2
industrial_district,east_factory,东侧工厂区,800,210,420,260,factory,3,2
industrial_district,south_craft,南侧手艺区,680,430,560,240,craft,4,3
industrial_district,south_wholesale,南侧批发与出口区,380,420,320,250,wholesale,5,3
