area_id,display_name,background_key,music_key,ambient_key,ui_accent,default_message_source
home,出租屋,scene.home.background,home_ambient,home_room,#d98a83,scene
street,城中村主街,scene.street.background,street_ambient,street_crowd,#d8a75c,scene
commercial_district,商业区,scene.commercial.background,commercial_ambient,city_traffic,#d68d90,scene
high_end_district,高端住宅区,scene.high_end_district.background,high_end_ambient,city_breeze,#c8b58c,scene
industrial_district,工业区,scene.industrial.background,industrial_ambient,factory_hum,#8fc6bf,scene
logistics_port,物流港仓,scene.logistics_port.background,industrial_ambient,warehouse_noise,#79a9c8,npc
craft_workshop,手艺工坊,scene.craft_workshop.background,workshop_ambient,workshop_tools,#c49a69,npc
suburb,城郊,scene.suburb.background,farm_ambient,birds,#7fae7a,scene
riverside,河边自然保护区,scene.riverside.background,riverside_ambient,river_wind,#6faa8d,scene
restaurant,餐馆,scene.restaurant.background,restaurant_ambient,kitchen_noise,#db7658,npc
breakfast_shop,早餐店前厅,scene.breakfast.background,breakfast_ambient,breakfast_chatter,#e8c26a,npc
breakfast_kitchen,早餐店后厨,scene.breakfast_kitchen.background,kitchen_ambient,steam_kitchen,#d9704f,scene
market,旧货市场,scene.market.background,market_ambient,market_chatter,#9da6c4,npc
night_market,城中村夜市,scene.night_market.background,night_market_ambient,night_market_chatter,#e8b45e,npc
wholesale,批发市场,scene.wholesale.background,market_ambient,crates,#8fb09b,npc
farm,城郊农场,scene.farm.background,farm_ambient,farm_wind,#7fae7a,npc
farm_livestock,农场圈舍,scene.farm_livestock.background,livestock_ambient,animal_pen,#c49a69,npc
pet_store,宠物商店,scene.pet_store.background,store_ambient,pets,#d99a8f,npc
furniture_store,家居超市,scene.furniture_store.background,store_ambient,store_music,#9f8fcc,npc
clothing_store,服装店,scene.clothing_store.background,store_ambient,store_music,#d68d90,npc
store,便利店,scene.store.background,store_ambient,store_bell,#f0c968,npc
bank,银行和彩票站,scene.bank.background,store_ambient,bank_quiet,#79a9c8,npc
factory,工厂,scene.factory.background,industrial_ambient,factory_machines,#8fc6bf,npc
park,社区公园,scene.park.background,park_ambient,park_birds,#7eb08a,scene
recycle,废品回收站,scene.recycle.background,industrial_ambient,recycle_noise,#8e9d8d,scene
ruins,旧址深处,scene.ruins.background,ruins_ambient,dripping,#7f9fb0,scene
bus_station,长途巴士站,scene.bus_station.background,travel_ambient,bus_engine,#d8a75c,scene
seaside_resort,海边度假区,scene.seaside_resort.background,travel_ambient,sea_waves,#6fa7b0,scene
ancient_village,古镇老街,scene.ancient_village.background,travel_ambient,village_chatter,#c49a69,scene
mountain_spring,山林温泉,scene.mountain_spring.background,travel_ambient,hot_spring,#7fa38b,scene
clinic,社区诊所,scene.clinic.background,clinic_ambient,clinic_quiet,#8fc6bf,npc
university,城市夜校与大学校区,scene.university.background,university_ambient,class_bell,#9f8fcc,npc
community_center,社区活动中心,scene.community_center.background,university_ambient,community_music,#7f9fb0,npc
home_living,出租屋生活区,scene.home_living.background,home_ambient,home_room,#d8b878,scene
