candidate_id,name,base_id,biography,personality,ability_hint,color
candidate_aqiang,阿强,mei,从粤西来深城五年，住过工地旁的大通铺，想攒够钱寄回家里盖房。,话少，做事先看再动，认准的人会一直跟。,肩背有力，备料和搬货都能扛。,#8e6d52
candidate_afang,阿芳,lin,以前在罗湖做过奶茶店，熟悉怎么和赶时间的客人打交道。,嘴甜但心里有分寸，不喜欢被人当众催。,招呼客人很自然，点单不容易乱。,#d68d90
candidate_xiaoyong,小勇,wang,跟着亲戚学过两年早餐，想做能拿得出手的包点。,年轻气盛，夸他一句比多给十块钱更管用。,手上劲足，学灶台很快。,#c78b5b
candidate_axa,阿霞,chen,家里有老人要照顾，只肯找离城中村近、时间稳定的活。,细声细气，却把每一笔账都记得清楚。,会算进货账，也懂得挑新鲜货。,#7fae7a
candidate_laozhou,老周,mei,在工厂食堂干了半辈子，退休后闲不住，想重新找点事做。,嘴上爱挑毛病，真出事了第一个帮忙。,火候和刀工都稳，最怕浪费食材。,#6f8fa9
candidate_xiaoqin,小琴,lin,刚从职业学校毕业，想先攒社会经验，再考虑去更大的店。,爱笑，但对工作安排会问得很细。,记性好，菜单和库存不容易弄混。,#b79bcf
candidate_ajie,阿杰,wang,从电子厂辞工出来，厌倦流水线，想学一门能带走的手艺。,有点倔，愿意熬夜，也愿意从头学。,学新工序快，能在夜班顶住。,#79a9c8
candidate_xiaomin,小敏,chen,白天照顾孩子，下午和晚上能出来兼职，最看重结算准时。,精打细算，遇到欠薪会直接问清楚。,采购时会砍价，备料也细致。,#e8bd66
candidate_ahai,阿海,mei,以前在夜市帮摊，习惯了人多手杂的环境，想找一份不用到处跑的活。,看起来散漫，真正忙起来最靠得住。,高峰期手快，能同时顾几口锅。,#5f9ea0
candidate_lingjie,玲姐,lin,做过很多年服装销售，后来店铺关门，想先找份稳定收入。,热络会说话，也爱把客人照顾得舒服。,社交能力强，熟客回头率高。,#d98a83
candidate_ahui,阿辉,wang,在城中村修过家电，喜欢拆东西，也喜欢看别人怎么掌勺。,脑子快，手上闲不住，缺点是容易分心。,设备出小毛病时能搭把手。,#b88762
candidate_xiaolan,小兰,chen,刚搬来深城，住在老乡介绍的出租屋里，想先站稳脚跟。,安静守时，不抢话，答应的事会做完。,库存整理和清洁很利落。,#8fbf9a
