chapter,title,speaker,text,trigger_action
0,初到城中村,梅姨,先别急着找大钱，把住的地方和工作弄稳。楼下早餐店、旧货市场和城郊农场都会慢慢认识你。,start
1,第一份工作,车间领班,既然登记了，就先按班次做，别迟到。活儿做稳，我会让你碰更重要的位置。,career_apply
2,第一次亲手出餐,厨房师傅,菜单、工位和托盘要连起来。客人不会等你慢慢找按钮。,first_serve
3,第一个帮手,劳务市场阿叔,店里有人和没人完全不一样。发得出工钱，员工才会留下。,first_staff
4,一块自己的地,农场主,城里买菜要花钱，自己种出来就是利润。天气和工具会直接改变收成。,farm_unlock
5,带一个小家伙回家,宠物店老板,宠物不是摆设，喂食、玩耍和药品都要花心思，它会给你生活上的回报。,pet_adopt
6,自己的生意,老街坊,铺子开起来只是开始。亲自经营赚得快，雇人看店赚得慢，但不会停。,business_owned
7,有人介绍活路,介绍人,有个熟人正想找工。先去劳务市场见人，工资、住处和本事都当面谈清楚。,referral_lead
8,城里留下三笔,梅姨,你做过的事开始有人记得。不是任务完成了，是这条街慢慢把你当成了自己人。,achievement_milestone
9,把日子接在一起,梅姨,两个人把房租、作息和以后都摊开来说清楚。成家不是任务完成，是新的日常开始。,family_marry
