binding_type,binding_id,sprite_key,portrait_key,icon_key,font_role
scene,home,scene.home.background,,font.title
scene,street,scene.street.background,,font.body
scene,riverside,scene.riverside.background,,font.body
npc,mei,npc.mei.world,npc.mei.portrait,,font.body
npc,huang,npc.huang.world,npc.huang.portrait,,font.body
npc,chen,npc.chen.world,npc.chen.portrait,,font.body
npc,lin,npc.lin.world,npc.lin.portrait,,font.body
npc,wang,npc.wang.world,npc.wang.portrait,,font.body
npc,azhen,npc.azhen.world,npc.azhen.portrait,,font.body
npc,qiang,npc.qiang.world,npc.qiang.portrait,,font.body
npc,xiaoyu,npc.xiaoyu.world,npc.xiaoyu.portrait,,font.body
player,default,player.default.world,player.default.portrait,,font.body
item,meal_rice,,,item.meal_rice,font.body
item,tea_egg,,,item.tea_egg,font.body
item,pet_feed,,,item.pet_feed,font.body
ui,panel,,,ui.panel,font.body
ui,button,,,ui.button,font.body
ui,title,,,ui.title,font.title
npc,lan,npc.lan.world,npc.lan.portrait,,font.body
npc,candidate_aqiang,npc.candidate_aqiang.world,npc.candidate_aqiang.portrait,,font.body
npc,candidate_afang,npc.candidate_afang.world,npc.candidate_afang.portrait,,font.body
npc,candidate_xiaoyong,npc.candidate_xiaoyong.world,npc.candidate_xiaoyong.portrait,,font.body
npc,candidate_axa,npc.candidate_axa.world,npc.candidate_axa.portrait,,font.body
npc,candidate_laozhou,npc.candidate_laozhou.world,npc.candidate_laozhou.portrait,,font.body
npc,candidate_xiaoqin,npc.candidate_xiaoqin.world,npc.candidate_xiaoqin.portrait,,font.body
npc,candidate_ajie,npc.candidate_ajie.world,npc.candidate_ajie.portrait,,font.body
npc,candidate_xiaomin,npc.candidate_xiaomin.world,npc.candidate_xiaomin.portrait,,font.body
npc,candidate_ahai,npc.candidate_ahai.world,npc.candidate_ahai.portrait,,font.body
npc,candidate_lingjie,npc.candidate_lingjie.world,npc.candidate_lingjie.portrait,,font.body
npc,candidate_ahui,npc.candidate_ahui.world,npc.candidate_ahui.portrait,,font.body
npc,candidate_xiaolan,npc.candidate_xiaolan.world,npc.candidate_xiaolan.portrait,,font.body
npc,fangjie,npc.fangjie.world,npc.fangjie.portrait,,font.body
npc,ake,npc.ake.world,npc.ake.portrait,,font.body
npc,teacher_yu,npc.teacher_yu.world,npc.teacher_yu.portrait,,font.body
